startPhone1Local,endPhone1Local,startPhone1EpochSec,endPhone1EpochSec,durationMinutes,phone2OffsetSec,phonePlacement,environment,phone1ID,phone2ID,bodyPose,bodyDistanceFeet,testID,expectDetect,inputDir
2020-09-03 12:42:01,2020-09-03 12:58:29,1599151320.86,1599152309.12,16.47,0,Front Pants Pocket,Large Indoor,556868,556870,Front to Front,3,20200903_asdf_Test_001,TRUE,20200903_asdf\\t001
2020-09-03 16:26:38,2020-09-03 16:43:26,1599164798.13,1599165805.60,16.79,0,Front Pants Pocket,Large Indoor,556868,556870,Front to Front,60,20200903_asdf_Test_004,FALSE,20200903_asdf\\t004
2020-09-03 17:17:16,2020-09-03 17:33:56,1599167835.52,1599168835.58,16.67,0,Front Pants Pocket,Large Indoor,556868,556870,Front to Front,50,20200903_asdf_Test_005,FALSE,20200903_asdf\\t005
2020-09-03 18:07:37,2020-09-03 18:23:48,1599170857.28,1599171828.50,16.19,0,Front Pants Pocket,Large Indoor,556868,556870,Front to Front,55,20200903_asdf_Test_006,FALSE,20200903_asdf\\t006
2020-10-01 15:48:06,2020-10-01 15:57:37,1601581686.36,1601582256.58,9.5,0,Front Pants Pocket,Large Indoor,556868,556870,A-C-B Facing,20,20201001_asdf_Test002_1,FALSE,20201001_asdf_3phones\\Test002
2020-10-01 16:39:05,2020-10-01 16:48:28,1601584745.02,1601585307.93,9.38,0,Front Pants Pocket,Large Indoor,556868,556870,A-C-B Facing,20,20201001_asdf_Test003_1,FALSE,20201001_asdf_3phones\\Test003
2020-10-02 14:20:22,2020-10-02 14:30:53,1601662822.42,1601663453.41,10.52,0,Front Pants Pocket,Large Indoor,556868,556870,Front to Front,40,20201002_asdf_Test_001a,FALSE,20201002_asdf\\Test_001_long
2020-10-02 14:31:42,2020-10-02 14:41:24,1601663501.95,1601664084.40,9.71,0,Front Pants Pocket,Large Indoor,556868,556870,Front to Front,35,20201002_asdf_Test_001b,FALSE,20201002_asdf\\Test_001_long
2020-10-02 14:42:13,2020-10-02 14:51:21,1601664132.94,1601664680.73,9.13,0,Front Pants Pocket,Large Indoor,556868,556870,Front to Front,30,20201002_asdf_Test_001c,FALSE,20201002_asdf\\Test_001_long
2020-10-02 14:52:02,2020-10-02 15:01:24,1601664722.33,1601665283.98,9.36,0,Front Pants Pocket,Large Indoor,556868,556870,Front to Front,25,20201002_asdf_Test_001d,FALSE,20201002_asdf\\Test_001_long
2020-10-02 15:02:19,2020-10-02 15:11:55,1601665339.46,1601665914.98,9.59,0,Front Pants Pocket,Large Indoor,556868,556870,Front to Front,20,20201002_asdf_Test_001e,FALSE,20201002_asdf\\Test_001_long
2020-10-02 15:12:37,2020-10-02 15:24:52,1601665956.58,1601666691.59,12.25,0,Front Pants Pocket,Large Indoor,556868,556870,Front to Front,15,20201002_asdf_Test_001f,FALSE,20201002_asdf\\Test_001_long
2020-10-02 15:25:33,2020-10-02 15:34:48,1601666733.19,1601667287.91,9.25,0,Front Pants Pocket,Large Indoor,556868,556870,Front to Front,10,20201002_asdf_Test_001g,FALSE,20201002_asdf\\Test_001_long
2020-10-02 15:35:36,2020-10-02 15:45:05,1601667336.45,1601667905.03,9.48,0,Front Pants Pocket,Large Indoor,556868,556870,Front to Front,7.5,20201002_asdf_Test_001h,FALSE,20201002_asdf\\Test_001_long
2020-10-02 15:45:54,2020-10-02 15:55:50,1601667953.57,1601668549.90,9.94,0,Front Pants Pocket,Large Indoor,556868,556870,Front to Front,5,20201002_asdf_Test_001i,FALSE,20201002_asdf\\Test_001_long
2020-10-02 15:56:32,2020-10-02 16:06:00,1601668591.50,1601669160.09,9.48,0,Front Pants Pocket,Large Indoor,556868,556870,Front to Front,3,20201002_asdf_Test_001j,FALSE,20201002_asdf\\Test_001_long
2020-10-02 16:06:56,2020-10-02 16:16:17,1601669215.56,1601669777.21,9.36,0,Front Pants Pocket,Large Indoor,556868,556870,Front to Front,2,20201002_asdf_Test_001k,FALSE,20201002_asdf\\Test_001_long
2020-10-02 16:17:13,2020-10-02 16:26:48,1601669832.68,1601670408.21,9.59,0,Front Pants Pocket,Large Indoor,556868,556870,Front to Front,1.5,20201002_asdf_Test_001m,FALSE,20201002_asdf\\Test_001_long
2020-10-02 16:27:51,2020-10-02 16:37:33,1601670470.61,1601671053.07,9.71,0,Front Pants Pocket,Large Indoor,556868,556870,Front to Front,0.5,20201002_asdf_Test_001n,FALSE,20201002_asdf\\Test_001_long
2020-10-07 09:10:00,2020-10-07 09:20:34,1602076199.96,1602076833.53,10.56,0,Front Pants Pocket,Large Indoor,556868,556870,A-C-B Facing,20,20201007_asdf_Test001a,FALSE,20201007_asdf\\Test_001
2020-10-07 09:10:00,2020-10-07 09:20:34,1602076199.96,1602076833.53,10.56,0,Front Pants Pocket,Large Indoor,556868,541784,A-C-B Facing,10,20201007_asdf_Test001a2,FALSE,20201007_asdf\\Test_001
2020-10-07 09:10:00,2020-10-07 09:20:34,1602076199.96,1602076833.53,10.56,0,Front Pants Pocket,Large Indoor,556870,541784,A-C-B Facing,10,20201007_asdf_Test001a3,FALSE,20201007_asdf\\Test_001
2020-10-07 09:21:15,2020-10-07 09:30:47,1602076874.88,1602077447.24,9.54,0,Front Pants Pocket,Large Indoor,556868,556870,A-C-B Facing,20,20201007_asdf_Test001b,FALSE,20201007_asdf\\Test_001
2020-10-07 09:21:15,2020-10-07 09:30:47,1602076874.88,1602077447.24,9.54,0,Front Pants Pocket,Large Indoor,556868,541784,A-C-B Facing,6,20201007_asdf_Test001b2,FALSE,20201007_asdf\\Test_001
2020-10-07 09:21:15,2020-10-07 09:30:47,1602076874.88,1602077447.24,9.54,0,Front Pants Pocket,Large Indoor,556870,541784,A-C-B Facing,14,20201007_asdf_Test001b3,FALSE,20201007_asdf\\Test_001
2020-10-07 09:31:32,2020-10-07 09:41:34,1602077491.90,1602078094.04,10.04,0,Front Pants Pocket,Large Indoor,556868,556870,A-C-B Facing,20,20201007_asdf_Test001c,FALSE,20201007_asdf\\Test_001
2020-10-07 09:31:32,2020-10-07 09:41:34,1602077491.90,1602078094.04,10.04,0,Front Pants Pocket,Large Indoor,556868,541784,A-C-B Facing,3,20201007_asdf_Test001c2,FALSE,20201007_asdf\\Test_001
2020-10-07 09:31:32,2020-10-07 09:41:34,1602077491.90,1602078094.04,10.04,0,Front Pants Pocket,Large Indoor,556870,541784,A-C-B Facing,17,20201007_asdf_Test001c3,FALSE,20201007_asdf\\Test_001
2020-10-07 10:08:02,2020-10-07 10:18:17,1602079681.60,1602080296.78,10.25,0,Front Pants Pocket,Large Indoor,556868,556870,A-C-B Facing,20,20201007_asdf_Test002a,FALSE,20201007_asdf\\Test_002
2020-10-07 10:08:02,2020-10-07 10:18:17,1602079681.60,1602080296.78,10.25,0,Front Pants Pocket,Large Indoor,556868,541784,A-C-B Facing,10,20201007_asdf_Test002a2,FALSE,20201007_asdf\\Test_002
2020-10-07 10:08:02,2020-10-07 10:18:17,1602079681.60,1602080296.78,10.25,0,Front Pants Pocket,Large Indoor,556870,541784,A-C-B Facing,10,20201007_asdf_Test002a3,FALSE,20201007_asdf\\Test_002
2020-10-07 10:18:52,2020-10-07 10:28:44,1602080332.07,1602080923.72,9.86,0,Front Pants Pocket,Large Indoor,556868,556870,A-C-B Facing,20,20201007_asdf_Test002b,FALSE,20201007_asdf\\Test_002
2020-10-07 10:18:52,2020-10-07 10:28:44,1602080332.07,1602080923.72,9.86,0,Front Pants Pocket,Large Indoor,556868,541784,A-C-B Facing,14,20201007_asdf_Test002b2,FALSE,20201007_asdf\\Test_002
2020-10-07 10:18:52,2020-10-07 10:28:44,1602080332.07,1602080923.72,9.86,0,Front Pants Pocket,Large Indoor,556870,541784,A-C-B Facing,6,20201007_asdf_Test002b3,FALSE,20201007_asdf\\Test_002
2020-10-07 10:29:43,2020-10-07 10:39:29,1602080982.55,1602081569.15,9.78,0,Front Pants Pocket,Large Indoor,556868,556870,A-C-B Facing,20,20201007_asdf_Test002c,FALSE,20201007_asdf\\Test_002
2020-10-07 10:29:43,2020-10-07 10:39:29,1602080982.55,1602081569.15,9.78,0,Front Pants Pocket,Large Indoor,556868,541784,A-C-B Facing,17,20201007_asdf_Test002c2,FALSE,20201007_asdf\\Test_002
2020-10-07 10:29:43,2020-10-07 10:39:29,1602080982.55,1602081569.15,9.78,0,Front Pants Pocket,Large Indoor,556870,541784,A-C-B Facing,3,20201007_asdf_Test002c3,FALSE,20201007_asdf\\Test_002
2020-10-07 11:00:13,2020-10-07 11:05:57,1602082813.15,1602083157.50,5.74,0,Front Pants Pocket,Large Indoor,556868,556870,A-C-B Facing,20,20201007_asdf_Test003a,FALSE,20201007_asdf\\Test_003
2020-10-07 11:00:13,2020-10-07 11:05:57,1602082813.15,1602083157.50,5.74,0,Front Pants Pocket,Large Indoor,556868,541784,A-C-B Facing,10,20201007_asdf_Test003a2,FALSE,20201007_asdf\\Test_003
2020-10-07 11:00:13,2020-10-07 11:05:57,1602082813.15,1602083157.50,5.74,0,Front Pants Pocket,Large Indoor,556870,541784,A-C-B Facing,10,20201007_asdf_Test003a3,FALSE,20201007_asdf\\Test_003
2020-10-07 11:06:44,2020-10-07 11:11:41,1602083203.77,1602083500.95,4.95,0,Front Pants Pocket,Large Indoor,556868,556870,A-C-B Facing,20,20201007_asdf_Test003b,FALSE,20201007_asdf\\Test_003
2020-10-07 11:06:44,2020-10-07 11:11:41,1602083203.77,1602083500.95,4.95,0,Front Pants Pocket,Large Indoor,556868,541784,A-C-B Facing,6,20201007_asdf_Test003b2,FALSE,20201007_asdf\\Test_003
2020-10-07 11:06:44,2020-10-07 11:11:41,1602083203.77,1602083500.95,4.95,0,Front Pants Pocket,Large Indoor,556870,541784,A-C-B Facing,14,20201007_asdf_Test003b3,FALSE,20201007_asdf\\Test_003
2020-10-07 11:12:20,2020-10-07 11:17:03,1602083540.10,1602083823.06,4.72,0,Front Pants Pocket,Large Indoor,556868,556870,A-C-B Facing,20,20201007_asdf_Test003c,FALSE,20201007_asdf\\Test_003
2020-10-07 11:12:20,2020-10-07 11:17:03,1602083540.10,1602083823.06,4.72,0,Front Pants Pocket,Large Indoor,556868,541784,A-C-B Facing,3,20201007_asdf_Test003c2,FALSE,20201007_asdf\\Test_003
2020-10-07 11:12:20,2020-10-07 11:17:03,1602083540.10,1602083823.06,4.72,0,Front Pants Pocket,Large Indoor,556870,541784,A-C-B Facing,17,20201007_asdf_Test003c3,FALSE,20201007_asdf\\Test_003
2020-10-07 11:45:06,2020-10-07 11:50:25,1602085506.11,1602085825.00,5.31,0,Front Pants Pocket,Large Indoor,556868,556870,A-C-B Facing,20,20201007_asdf_Test004a,FALSE,20201007_asdf\\Test_004
2020-10-07 11:45:06,2020-10-07 11:50:25,1602085506.11,1602085825.00,5.31,0,Front Pants Pocket,Large Indoor,556868,541784,A-C-B Facing,10,20201007_asdf_Test004a2,FALSE,20201007_asdf\\Test_004
2020-10-07 11:45:06,2020-10-07 11:50:25,1602085506.11,1602085825.00,5.31,0,Front Pants Pocket,Large Indoor,556870,541784,A-C-B Facing,10,20201007_asdf_Test004a3,FALSE,20201007_asdf\\Test_004
2020-10-07 11:51:00,2020-10-07 11:55:55,1602085859.95,1602086155.25,4.92,0,Front Pants Pocket,Large Indoor,556868,556870,A-C-B Facing,20,20201007_asdf_Test004b,FALSE,20201007_asdf\\Test_004
2020-10-07 11:51:00,2020-10-07 11:55:55,1602085859.95,1602086155.25,4.92,0,Front Pants Pocket,Large Indoor,556868,541784,A-C-B Facing,14,20201007_asdf_Test004b2,FALSE,20201007_asdf\\Test_004
2020-10-07 11:51:00,2020-10-07 11:55:55,1602085859.95,1602086155.25,4.92,0,Front Pants Pocket,Large Indoor,556870,541784,A-C-B Facing,6,20201007_asdf_Test004b3,FALSE,20201007_asdf\\Test_004
2020-10-07 11:56:21,2020-10-07 12:01:19,1602086181.46,1602086478.51,4.95,0,Front Pants Pocket,Large Indoor,556868,556870,A-C-B Facing,20,20201007_asdf_Test004c,FALSE,20201007_asdf\\Test_004
2020-10-07 11:56:21,2020-10-07 12:01:19,1602086181.46,1602086478.51,4.95,0,Front Pants Pocket,Large Indoor,556868,541784,A-C-B Facing,17,20201007_asdf_Test004c2,FALSE,20201007_asdf\\Test_004
2020-10-07 11:56:21,2020-10-07 12:01:19,1602086181.46,1602086478.51,4.95,0,Front Pants Pocket,Large Indoor,556870,541784,A-C-B Facing,3,20201007_asdf_Test004c3,FALSE,20201007_asdf\\Test_004
2020-10-07 14:44:45,2020-10-07 14:52:24,1602096285.13,1602096744.46,7.66,0,Front Pants Pocket,Large Indoor,556868,556870,Front to Front,40,20201007_asdf_Test_005a,FALSE,20201007_asdf\\Test_005_long_rssi
2020-10-07 14:53:00,2020-10-07 15:00:34,1602096779.80,1602097234.08,7.57,0,Front Pants Pocket,Large Indoor,556868,556870,Front to Front,35,20201007_asdf_Test_005b,FALSE,20201007_asdf\\Test_005_long_rssi
2020-10-07 15:01:25,2020-10-07 15:08:59,1602097284.56,1602097738.84,7.57,0,Front Pants Pocket,Large Indoor,556868,556870,Front to Front,30,20201007_asdf_Test_005c,FALSE,20201007_asdf\\Test_005_long_rssi
2020-10-07 15:09:34,2020-10-07 15:17:24,1602097774.18,1602098243.61,7.82,0,Front Pants Pocket,Large Indoor,556868,556870,Front to Front,25,20201007_asdf_Test_005d,FALSE,20201007_asdf\\Test_005_long_rssi
2020-10-07 15:17:54,2020-10-07 15:25:28,1602098273.89,1602098728.18,7.57,0,Front Pants Pocket,Large Indoor,556868,556870,Front to Front,20,20201007_asdf_Test_005e,FALSE,20201007_asdf\\Test_005_long_rssi
2020-10-07 15:26:09,2020-10-07 15:33:53,1602098768.56,1602099232.94,7.74,0,Front Pants Pocket,Large Indoor,556868,556870,Front to Front,15,20201007_asdf_Test_005f,FALSE,20201007_asdf\\Test_005_long_rssi
2020-10-07 15:34:28,2020-10-07 15:41:52,1602099268.27,1602099712.46,7.4,0,Front Pants Pocket,Large Indoor,556868,556870,Front to Front,10,20201007_asdf_Test_005g,FALSE,20201007_asdf\\Test_005_long_rssi
2020-10-07 15:42:28,2020-10-07 15:49:47,1602099747.79,1602100186.94,7.32,0,Front Pants Pocket,Large Indoor,556868,556870,Front to Front,7.5,20201007_asdf_Test_005h,FALSE,20201007_asdf\\Test_005_long_rssi
2020-10-07 15:50:22,2020-10-07 15:58:07,1602100222.27,1602100686.65,7.74,0,Front Pants Pocket,Large Indoor,556868,556870,Front to Front,5,20201007_asdf_Test_005i,FALSE,20201007_asdf\\Test_005_long_rssi
2020-10-07 15:58:42,2020-10-07 16:06:16,1602100721.99,1602101176.27,7.57,0,Front Pants Pocket,Large Indoor,556868,556870,Front to Front,3,20201007_asdf_Test_005j,FALSE,20201007_asdf\\Test_005_long_rssi
2020-10-07 16:06:52,2020-10-07 16:14:16,1602101211.60,1602101655.79,7.4,0,Front Pants Pocket,Large Indoor,556868,556870,Front to Front,2,20201007_asdf_Test_005k,FALSE,20201007_asdf\\Test_005_long_rssi
2020-10-07 16:14:41,2020-10-07 16:22:20,1602101681.03,1602102140.37,7.66,0,Front Pants Pocket,Large Indoor,556868,556870,Front to Front,1.5,20201007_asdf_Test_005m,FALSE,20201007_asdf\\Test_005_long_rssi
2020-11-04 09:07:05,2020-11-04 09:26:49,1604498825.07,1604500009.13,19.73,0,Front Shirt Pocket,Large Indoor,556868,556870,Front to Front,6,20201104_T001a,TRUE,20201104_asdf_shirt_pocket\\T001
2020-11-04 09:28:30,2020-11-04 09:46:49,1604500110.36,1604501208.52,18.3,0,Front Shirt Pocket,Large Indoor,556868,556870,Front to Back,6,20201104_T001b,TRUE,20201104_asdf_shirt_pocket\\T001
2020-11-04 09:47:44,2020-11-04 10:07:09,1604501263.74,1604502429.39,19.43,0,Front Shirt Pocket,Large Indoor,556868,556870,Back to Back,6,20201104_T001c,TRUE,20201104_asdf_shirt_pocket\\T001
2020-11-04 10:28:55,2020-11-04 10:48:15,1604503735.26,1604504894.81,19.33,0,Front Shirt Pocket,Large Indoor,556868,556870,Front to Front,9,20201104_T002a,FALSE,20201104_asdf_shirt_pocket\\T002
2020-11-04 10:49:16,2020-11-04 11:08:02,1604504955.52,1604506081.69,18.77,0,Front Shirt Pocket,Large Indoor,556868,556870,Front to Back,9,20201104_T002b,FALSE,20201104_asdf_shirt_pocket\\T002
2020-11-04 11:08:53,2020-11-04 11:28:01,1604506133.29,1604507280.71,19.12,0,Front Shirt Pocket,Large Indoor,556868,556870,Back to Back,9,20201104_T002c,FALSE,20201104_asdf_shirt_pocket\\T002
2020-11-04 11:46:25,2020-11-04 12:05:43,1604508385.09,1604509542.83,19.3,0,Front Shirt Pocket,Large Indoor,556868,556870,Front to Front,30,20201104_T003a,FALSE,20201104_asdf_shirt_pocket\\T003
2020-11-04 12:06:47,2020-11-04 12:26:14,1604509607.49,1604510774.47,19.45,0,Front Shirt Pocket,Large Indoor,556868,556870,Front to Back,30,20201104_T003b,FALSE,20201104_asdf_shirt_pocket\\T003
2020-11-04 12:26:48,2020-11-04 12:46:37,1604510808.34,1604511996.86,19.81,0,Front Shirt Pocket,Large Indoor,556868,556870,Back to Back,30,20201104_T003c,FALSE,20201104_asdf_shirt_pocket\\T003
2020-11-04 15:28:58,2020-11-04 15:48:57,1604521737.64,1604522937.45,20,0,Front Shirt Pocket,Large Indoor,556868,556870,Front to Front,25,20201104_T004a,FALSE,20201104_asdf_shirt_pocket\\T004
2020-11-04 15:49:32,2020-11-04 16:09:16,1604522971.55,1604524155.86,19.74,0,Front Shirt Pocket,Large Indoor,556868,556870,Front to Back,25,20201104_T004b,FALSE,20201104_asdf_shirt_pocket\\T004
2020-11-04 16:10:09,2020-11-04 16:29:19,1604524208.56,1604525358.76,19.17,0,Front Shirt Pocket,Large Indoor,556868,556870,Back to Back,25,20201104_T004c,FALSE,20201104_asdf_shirt_pocket\\T004
2020-11-05 08:32:55,2020-11-05 08:52:43,1604583175.27,1604584363.14,19.8,0,Front Shirt Pocket,Large Indoor,556868,556870,Front to Front,20,20201105_T001a,FALSE,20201105_asdf_shirt_pocket_cont\\T001
2020-11-05 08:53:14,2020-11-05 09:12:56,1604584394.07,1604585575.75,19.69,0,Front Shirt Pocket,Large Indoor,556868,556870,Front to Back,20,20201105_T001b,FALSE,20201105_asdf_shirt_pocket_cont\\T001
2020-11-05 09:14:29,2020-11-05 09:33:30,1604585668.55,1604586810.01,19.02,0,Front Shirt Pocket,Large Indoor,556868,556870,Back to Back,20,20201105_T001c,FALSE,20201105_asdf_shirt_pocket_cont\\T001
2020-11-05 09:56:45,2020-11-05 10:16:34,1604588205.05,1604589394.34,19.82,0,Front Shirt Pocket,Large Indoor,556868,556870,Front to Front,15,20201105_T002a,FALSE,20201105_asdf_shirt_pocket_cont\\T002
2020-11-05 10:17:21,2020-11-05 10:37:23,1604589441.29,1604590643.10,20.03,0,Front Shirt Pocket,Large Indoor,556868,556870,Front to Back,15,20201105_T002b,FALSE,20201105_asdf_shirt_pocket_cont\\T002
2020-11-05 10:38:01,2020-11-05 10:57:59,1604590680.66,1604591879.35,19.98,0,Front Shirt Pocket,Large Indoor,556868,556870,Back to Back,15,20201105_T002c,FALSE,20201105_asdf_shirt_pocket_cont\\T002
2020-11-05 11:31:42,2020-11-05 11:51:38,1604593901.80,1604595097.72,19.93,0,Front Shirt Pocket,Large Indoor,556868,556870,Front to Front,12,20201105_T003a,FALSE,20201105_asdf_shirt_pocket_cont\\T003
2020-11-05 11:52:15,2020-11-05 12:12:01,1604595134.71,1604596321.38,19.78,0,Front Shirt Pocket,Large Indoor,556868,556870,Front to Back,12,20201105_T003b,FALSE,20201105_asdf_shirt_pocket_cont\\T003
2020-11-05 12:12:41,2020-11-05 12:32:03,1604596361.45,1604597523.47,19.37,0,Front Shirt Pocket,Large Indoor,556868,556870,Back to Back,12,20201105_T003c,FALSE,20201105_asdf_shirt_pocket_cont\\T003
2020-11-05 13:00:21,2020-11-05 13:19:30,1604599220.91,1604600369.94,19.15,0,Front Shirt Pocket,Large Indoor,556868,556870,Front to Front,3,20201105_T004a,TRUE,20201105_asdf_shirt_pocket_cont\\T004
2020-11-05 13:20:40,2020-11-05 13:39:43,1604600440.22,1604601583.14,19.05,0,Front Shirt Pocket,Large Indoor,556868,556870,Front to Back,3,20201105_T004b,TRUE,20201105_asdf_shirt_pocket_cont\\T004
2020-11-05 13:40:23,2020-11-05 13:59:26,1604601622.86,1604602765.78,19.05,0,Front Shirt Pocket,Large Indoor,556868,556870,Back to Back,3,20201105_T004c,TRUE,20201105_asdf_shirt_pocket_cont\\T004
2020-11-05 14:25:06,2020-11-05 14:44:10,1604604306.32,1604605450.17,19.06,0,Front Shirt Pocket,Large Indoor,556868,556870,Front to Front,2,20201105_T005a,TRUE,20201105_asdf_shirt_pocket_cont\\T005
2020-11-05 14:44:43,2020-11-05 15:04:14,1604605483.28,1604606654.22,19.52,0,Front Shirt Pocket,Large Indoor,556868,556870,Front to Back,2,20201105_T005b,TRUE,20201105_asdf_shirt_pocket_cont\\T005
2020-11-05 15:04:56,2020-11-05 15:24:18,1604606696.36,1604607858.27,19.37,0,Front Shirt Pocket,Large Indoor,556868,556870,Back to Back,2,20201105_T005c,TRUE,20201105_asdf_shirt_pocket_cont\\T005
2020-11-12 08:56:49,2020-11-12 09:15:52,1605189408.55,1605190551.76,19.05,0,Front Pants Pocket,Large Indoor,556868,556870,Front to Front,9,20201112_T001a,FALSE,20201112_asdf_pants\\T001
2020-11-12 09:16:56,2020-11-12 09:36:12,1605190616.47,1605191772.01,19.26,0,Front Pants Pocket,Large Indoor,556868,556870,Front to Back,9,20201112_T001b,FALSE,20201112_asdf_pants\\T001
2020-11-12 09:36:49,2020-11-12 09:56:38,1605191808.99,1605192998.43,19.82,0,Front Pants Pocket,Large Indoor,556868,556870,Back to Back,9,20201112_T001c,FALSE,20201112_asdf_pants\\T001
2020-11-12 10:10:54,2020-11-12 10:30:14,1605193854.17,1605195013.94,19.33,0,Front Pants Pocket,Large Indoor,556868,556870,Front to Front,6,20201112_T002a,TRUE,20201112_asdf_pants\\T002
2020-11-12 10:31:07,2020-11-12 10:50:27,1605195066.80,1605196226.57,19.33,0,Front Pants Pocket,Large Indoor,556868,556870,Front to Back,6,20201112_T002b,TRUE,20201112_asdf_pants\\T002
2020-11-12 10:50:55,2020-11-12 11:10:52,1605196254.56,1605197451.64,19.95,0,Front Pants Pocket,Large Indoor,556868,556870,Back to Back,6,20201112_T002c,TRUE,20201112_asdf_pants\\T002
2020-11-12 11:23:32,2020-11-12 11:43:48,1605198212.07,1605199428.33,20.27,0,Front Pants Pocket,Large Indoor,556868,556870,Front to Front,3,20201112_T003a,TRUE,20201112_asdf_pants\\T003
2020-11-12 11:44:38,2020-11-12 12:03:58,1605199478.23,1605200638.35,19.34,0,Front Pants Pocket,Large Indoor,556868,556870,Front to Back,3,20201112_T003b,TRUE,20201112_asdf_pants\\T003
2020-11-12 12:04:30,2020-11-12 12:24:21,1605200669.54,1605201860.85,19.86,0,Front Pants Pocket,Large Indoor,556868,556870,Back to Back,3,20201112_T003c,TRUE,20201112_asdf_pants\\T003
2020-11-12 12:43:12,2020-11-12 13:02:34,1605202991.59,1605204153.77,19.37,0,Front Pants Pocket,Large Indoor,556868,556870,Front to Front,2,20201112_T004a,TRUE,20201112_asdf_pants\\T004
2020-11-12 13:04:17,2020-11-12 13:22:49,1605204257.42,1605205369.34,18.53,0,Front Pants Pocket,Large Indoor,556868,556870,Front to Back,2,20201112_T004b,TRUE,20201112_asdf_pants\\T004
2020-11-12 13:25:14,2020-11-12 13:43:08,1605205513.83,1605206588.06,17.9,0,Front Pants Pocket,Large Indoor,556868,556870,Back to Back,2,20201112_T004c,TRUE,20201112_asdf_pants\\T004
2020-11-12 14:03:25,2020-11-12 14:23:21,1605207805.01,1605209000.81,19.93,0,Bag,Large Indoor,556868,556870,Front to Front,6,20201112_T005a,TRUE,asdf_bags\\20201112_T005
2020-11-12 14:24:14,2020-11-12 14:43:26,1605209054.03,1605210206.00,19.2,0,Bag,Large Indoor,556868,556870,Front to Back,6,20201112_T005b,TRUE,asdf_bags\\20201112_T005
2020-11-12 14:44:38,2020-11-12 15:03:44,1605210278.00,1605211423.72,19.1,0,Bag,Large Indoor,556868,556870,Back to Back,6,20201112_T005c,TRUE,asdf_bags\\20201112_T005
2020-11-12 15:21:37,2020-11-12 15:40:27,1605212496.92,1605213627.20,18.84,0,Bag,Large Indoor,556868,556870,Front to Front,3,20201112_T006a,TRUE,asdf_bags\\20201112_T006
2020-11-12 15:41:13,2020-11-12 16:00:30,1605213672.66,1605214830.22,19.29,0,Bag,Large Indoor,556868,556870,Front to Back,3,20201112_T006b,TRUE,asdf_bags\\20201112_T006
2020-11-12 16:01:34,2020-11-12 16:20:30,1605214893.85,1605216030.20,18.94,0,Bag,Large Indoor,556868,556870,Back to Back,3,20201112_T006c,TRUE,asdf_bags\\20201112_T006
2020-11-13 08:17:28,2020-11-13 08:34:57,1605273448.01,1605274497.22,17.49,0,Bag,Large Indoor,556868,556870,Front to Front,9,20201113_T001a,FALSE,asdf_bags\\20201113_T001
2020-11-13 08:36:02,2020-11-13 08:55:03,1605274562.24,1605275703.07,19.01,0,Bag,Large Indoor,556868,556870,Front to Back,9,20201113_T001b,FALSE,asdf_bags\\20201113_T001
2020-11-13 08:55:50,2020-11-13 09:15:06,1605275750.36,1605276905.97,19.26,0,Bag,Large Indoor,556868,556870,Back to Back,9,20201113_T001c,FALSE,asdf_bags\\20201113_T001
2020-11-13 09:34:32,2020-11-13 09:54:25,1605278071.73,1605279264.62,19.88,0,Bag,Large Indoor,556868,556870,Front to Front,12,20201113_T002a,FALSE,asdf_bags\\20201113_T002
2020-11-13 09:55:23,2020-11-13 10:14:30,1605279323.03,1605280469.81,19.11,0,Bag,Large Indoor,556868,556870,Front to Back,12,20201113_T002b,FALSE,asdf_bags\\20201113_T002
2020-11-13 10:15:16,2020-11-13 10:34:35,1605280515.92,1605281674.99,19.32,0,Bag,Large Indoor,556868,556870,Back to Back,12,20201113_T002c,FALSE,asdf_bags\\20201113_T002
2020-11-13 10:52:37,2020-11-13 11:12:51,1605282756.75,1605283970.61,20.23,0,Bag,Large Indoor,556868,556870,Front to Front,15,20201113_T003a,FALSE,asdf_bags\\20201113_T003
2020-11-13 11:13:41,2020-11-13 11:33:08,1605284021.04,1605285187.82,19.45,0,Bag,Large Indoor,556868,556870,Front to Back,15,20201113_T003b,FALSE,asdf_bags\\20201113_T003
2020-11-13 11:33:45,2020-11-13 11:53:18,1605285224.81,1605286398.32,19.56,0,Bag,Large Indoor,556868,556870,Back to Back,15,20201113_T003c,FALSE,asdf_bags\\20201113_T003
2020-11-13 12:13:35,2020-11-13 12:32:41,1605287614.64,1605288761.15,19.11,0,Bag,Large Indoor,556868,556870,Front to Front,20,20201113_T004a,FALSE,asdf_bags\\20201113_T004
2020-11-13 12:33:27,2020-11-13 12:52:49,1605288807.14,1605289968.97,19.36,0,Bag,Large Indoor,556868,556870,Front to Back,20,20201113_T004b,FALSE,asdf_bags\\20201113_T004
2020-11-13 12:53:29,2020-11-13 13:12:54,1605290008.83,1605291173.73,19.42,0,Bag,Large Indoor,556868,556870,Back to Back,20,20201113_T004c,FALSE,asdf_bags\\20201113_T004
2020-11-16 13:12:06,2020-11-16 13:31:49,1605550326.17,1605551509.49,19.72,0,Bag,Large Indoor,556868,556870,Front to Front,30,20201116_T002a,FALSE,asdf_bags\\20201116_T002
2020-11-16 13:32:33,2020-11-16 13:52:13,1605551552.52,1605552732.77,19.67,0,Bag,Large Indoor,556868,556870,Front to Back,30,20201116_T002b,FALSE,asdf_bags\\20201116_T002
2020-11-16 13:52:59,2020-11-16 14:12:21,1605552778.87,1605553940.68,19.36,0,Bag,Large Indoor,556868,556870,Back to Back,30,20201116_T002c,FALSE,asdf_bags\\20201116_T002
2020-11-16 15:38:31,2020-11-16 15:58:02,1605559110.89,1605560281.58,19.51,0,Front Shirt Pocket,Small Indoor,556868,556870,Front to Front,12,20201116_T003a,FALSE,20201116_asdf_shirt_pocket_sm_room\\20201116_T003
2020-11-16 15:58:51,2020-11-16 16:18:03,1605560331.13,1605561483.24,19.2,0,Front Shirt Pocket,Small Indoor,556868,556870,Front to Back,12,20201116_T003b,FALSE,20201116_asdf_shirt_pocket_sm_room\\20201116_T003
2020-11-16 16:19:08,2020-11-16 16:38:54,1605561548.28,1605562734.45,19.77,0,Front Shirt Pocket,Small Indoor,556868,556870,Back to Back,12,20201116_T003c,FALSE,20201116_asdf_shirt_pocket_sm_room\\20201116_T003
2020-11-17 09:34:06,2020-11-17 09:52:51,1605623646.05,1605624771.43,18.76,0,Front Shirt Pocket,Small Indoor,556868,556870,Front to Front,9,20201117_T001a,FALSE,20201116_asdf_shirt_pocket_sm_room\\20201117_T001
2020-11-17 09:53:47,2020-11-17 10:12:57,1605624826.92,1605625976.96,19.17,0,Front Shirt Pocket,Small Indoor,556868,556870,Front to Back,9,20201117_T001b,FALSE,20201116_asdf_shirt_pocket_sm_room\\20201117_T001
2020-11-17 10:14:48,2020-11-17 10:35:03,1605626087.96,1605627302.74,20.25,0,Front Shirt Pocket,Small Indoor,556868,556870,Back to Back,9,20201117_T001c,FALSE,20201116_asdf_shirt_pocket_sm_room\\20201117_T001
2020-11-17 10:55:27,2020-11-17 11:15:07,1605628527.04,1605629707.07,19.67,0,Front Shirt Pocket,Small Indoor,556868,556870,Front to Front,6,20201117_T002a,TRUE,20201116_asdf_shirt_pocket_sm_room\\20201117_T002
2020-11-17 11:15:47,2020-11-17 11:35:30,1605629746.92,1605630930.01,19.72,0,Front Shirt Pocket,Small Indoor,556868,556870,Front to Back,6,20201117_T002b,TRUE,20201116_asdf_shirt_pocket_sm_room\\20201117_T002
2020-11-17 11:36:04,2020-11-17 11:55:38,1605630963.73,1605632137.63,19.57,0,Front Shirt Pocket,Small Indoor,556868,556870,Back to Back,6,20201117_T002c,TRUE,20201116_asdf_shirt_pocket_sm_room\\20201117_T002
2020-11-17 13:43:47,2020-11-17 14:04:14,1605638626.91,1605639853.71,20.45,0,Front Shirt Pocket,Small Indoor,556868,556870,Front to Front,2,20201117_T004a,TRUE,20201116_asdf_shirt_pocket_sm_room\\20201117_T004
2020-11-17 14:04:57,2020-11-17 14:24:16,1605639896.97,1605641055.78,19.31,0,Front Shirt Pocket,Small Indoor,556868,556870,Front to Back,2,20201117_T004b,TRUE,20201116_asdf_shirt_pocket_sm_room\\20201117_T004
2020-11-17 14:26:13,2020-11-17 14:43:56,1605641173.21,1605642236.22,17.72,0,Front Shirt Pocket,Small Indoor,556868,556870,Back to Back,2,20201117_T004c,TRUE,20201116_asdf_shirt_pocket_sm_room\\20201117_T004
2020-11-19 10:07:57,2020-11-19 10:27:50,1605798477.33,1605799669.71,19.87,0,Front Pants Pocket,Small Indoor,556868,556870,Front to Front,3,20201119_T001a,TRUE,20201117_asdf_pants_pocket_sm_room\\20201119_T001
2020-11-19 10:29:15,2020-11-19 10:48:10,1605799754.66,1605800890.41,18.93,0,Front Pants Pocket,Small Indoor,556868,556870,Front to Back,3,20201119_T001b,TRUE,20201117_asdf_pants_pocket_sm_room\\20201119_T001
2020-11-19 10:49:16,2020-11-19 11:09:28,1605800956.48,1605802167.74,20.19,0,Front Pants Pocket,Small Indoor,556868,556870,Back to Back,3,20201119_T001c,TRUE,20201117_asdf_pants_pocket_sm_room\\20201119_T001
2020-11-19 11:53:12,2020-11-19 12:12:30,1605804792.02,1605805950.14,19.3,0,Front Pants Pocket,Small Indoor,556868,556870,Front to Front,6,20201119_T002a,TRUE,20201117_asdf_pants_pocket_sm_room\\20201119_T002
2020-11-19 12:13:13,2020-11-19 12:32:53,1605805993.49,1605807173.28,19.66,0,Front Pants Pocket,Small Indoor,556868,556870,Front to Back,6,20201119_T002b,TRUE,20201117_asdf_pants_pocket_sm_room\\20201119_T002
2020-11-19 12:33:52,2020-11-19 12:53:35,1605807232.12,1605808415.01,19.71,0,Front Pants Pocket,Small Indoor,556868,556870,Back to Back,6,20201119_T002c,TRUE,20201117_asdf_pants_pocket_sm_room\\20201119_T002
2020-11-19 13:12:27,2020-11-19 13:31:55,1605809547.42,1605810714.94,19.46,0,Front Pants Pocket,Small Indoor,556868,556870,Front to Front,9,20201119_T003a,FALSE,20201117_asdf_pants_pocket_sm_room\\20201119_T003
2020-11-19 13:33:13,2020-11-19 13:52:20,1605810793.00,1605811940.16,19.12,0,Front Pants Pocket,Small Indoor,556868,556870,Front to Back,9,20201119_T003b,FALSE,20201117_asdf_pants_pocket_sm_room\\20201119_T003
2020-11-19 13:53:18,2020-11-19 14:18:35,1605811997.86,1605813514.95,25.28,0,Front Pants Pocket,Small Indoor,556868,556870,Back to Back,9,20201119_T003c,FALSE,20201117_asdf_pants_pocket_sm_room\\20201119_T003
2020-11-19 14:43:54,2020-11-19 15:04:01,1605815034.04,1605816240.84,20.11,0,Front Pants Pocket,Small Indoor,556868,556870,Front to Front,12,20201119_T004a,FALSE,20201117_asdf_pants_pocket_sm_room\\20201119_T004
2020-11-19 15:05:22,2020-11-19 15:24:11,1605816321.71,1605817450.75,18.82,0,Front Pants Pocket,Small Indoor,556868,556870,Front to Back,12,20201119_T004b,FALSE,20201117_asdf_pants_pocket_sm_room\\20201119_T004
2020-11-19 15:25:35,2020-11-19 15:44:52,1605817534.73,1605818691.77,19.28,0,Front Pants Pocket,Small Indoor,556868,556870,Back to Back,12,20201119_T004c,FALSE,20201117_asdf_pants_pocket_sm_room\\20201119_T004
2020-11-23 10:59:34,2020-11-23 11:18:23,1606147174.29,1606148303.23,18.82,0,Bag,Small Indoor,556868,556870,Front to Front,3,20201123_T001a,TRUE,asdf_bags\\20201123_T001
2020-11-23 11:19:51,2020-11-23 11:39:05,1606148391.28,1606149545.38,19.24,0,Bag,Small Indoor,556868,556870,Front to Back,3,20201123_T001b,TRUE,asdf_bags\\20201123_T001
2020-11-23 11:39:46,2020-11-23 12:00:19,1606149586.26,1606150818.98,20.55,0,Bag,Small Indoor,556868,556870,Back to Back,3,20201123_T001c,TRUE,asdf_bags\\20201123_T001
2020-11-23 12:31:20,2020-11-23 12:50:49,1606152680.17,1606153848.81,19.48,0,Bag,Small Indoor,556868,556870,Front to Front,6,20201123_T002a,TRUE,asdf_bags\\20201123_T002
2020-11-23 12:51:47,2020-11-23 13:10:36,1606153907.09,1606155035.86,18.81,0,Bag,Small Indoor,556868,556870,Front to Back,6,20201123_T002b,TRUE,asdf_bags\\20201123_T002
2020-11-23 13:11:46,2020-11-23 13:31:21,1606155106.41,1606156281.19,19.58,0,Bag,Small Indoor,556868,556870,Back to Back,6,20201123_T002c,TRUE,asdf_bags\\20201123_T002
2020-11-23 14:02:21,2020-11-23 14:22:32,1606158141.15,1606159352.03,20.18,0,Bag,Small Indoor,556868,556870,Front to Front,9,20201123_T003a,FALSE,asdf_bags\\20201123_T003
2020-11-23 14:23:12,2020-11-23 14:42:27,1606159392.19,1606160547.47,19.25,0,Bag,Small Indoor,556868,556870,Front to Back,9,20201123_T003b,FALSE,asdf_bags\\20201123_T003
2020-11-23 14:43:23,2020-11-23 15:02:29,1606160603.07,1606161749.08,19.1,0,Bag,Small Indoor,556868,556870,Back to Back,9,20201123_T003c,FALSE,asdf_bags\\20201123_T003
2020-11-23 15:32:11,2020-11-23 15:51:49,1606163530.67,1606164708.75,19.63,0,Bag,Small Indoor,556868,556870,Front to Front,12,20201123_T004a,FALSE,asdf_bags\\20201123_T004
2020-11-23 15:53:40,2020-11-23 16:12:07,1606164820.06,1606165927.03,18.45,0,Bag,Small Indoor,556868,556870,Front to Back,12,20201123_T004b,FALSE,asdf_bags\\20201123_T004
2020-11-23 16:13:49,2020-11-23 16:32:16,1606166029.07,1606167136.03,18.45,0,Bag,Small Indoor,556868,556870,Back to Back,12,20201123_T004c,FALSE,asdf_bags\\20201123_T004
2020-11-24 09:26:17,2020-11-24 09:46:13,1606227976.74,1606229173.44,19.95,0,Front Shirt Pocket,Large Indoor,556868,556870,Front to Front,25,20201124_asdf_Test001a,FALSE,20201124_asdf_25ft_shirt_lg_room
2020-11-24 09:46:51,2020-11-24 10:06:23,1606229210.84,1606230382.61,19.53,0,Front Shirt Pocket,Large Indoor,556868,556870,Front to Back,25,20201124_asdf_Test001b,FALSE,20201124_asdf_25ft_shirt_lg_room
2020-11-24 10:07:00,2020-11-24 10:26:35,1606230420.00,1606231594.89,19.58,0,Front Shirt Pocket,Large Indoor,556868,556870,Back to Back,25,20201124_asdf_Test001c,FALSE,20201124_asdf_25ft_shirt_lg_room
2020-12-22 09:41:41,2020-12-22 10:01:57,1608648101.07,1608649316.67,20.26,9,Front Pants Pocket,Large Indoor,556868,556870,Front to Front,30,20201222_asdf_T01a,FALSE,20201222_asdf_pants_pocket_lg_room\\T01
2020-12-22 10:02:25,2020-12-22 10:21:57,1608649344.80,1608650516.65,19.53,9,Front Pants Pocket,Large Indoor,556868,556870,Front to Back,30,20201222_asdf_T01b,FALSE,20201222_asdf_pants_pocket_lg_room\\T01
2020-12-22 10:22:53,2020-12-22 10:42:40,1608650572.90,1608651760.37,19.79,9,Front Pants Pocket,Large Indoor,556868,556870,Back to Back,30,20201222_asdf_T01c,FALSE,20201222_asdf_pants_pocket_lg_room\\T01
2020-12-22 11:37:26,2020-12-22 11:57:13,1608655045.67,1608656233.44,19.8,9,Front Pants Pocket,Large Indoor,556868,556870,Front to Front,25,20201222_asdf_T02a,FALSE,20201222_asdf_pants_pocket_lg_room\\T02
2020-12-22 11:57:47,2020-12-22 12:17:17,1608656267.37,1608657436.63,19.49,9,Front Pants Pocket,Large Indoor,556868,556870,Front to Back,25,20201222_asdf_T02b,FALSE,20201222_asdf_pants_pocket_lg_room\\T02
2020-12-22 12:18:24,2020-12-22 12:37:38,1608657504.50,1608658658.33,19.23,9,Front Pants Pocket,Large Indoor,556868,556870,Back to Back,25,20201222_asdf_T02c,FALSE,20201222_asdf_pants_pocket_lg_room\\T02
2020-12-22 15:09:48,2020-12-22 15:30:25,1608667788.02,1608669024.85,20.61,9,Front Pants Pocket,Large Indoor,556868,556870,Front to Front,15,20201222_asdf_T04a,FALSE,20201222_asdf_pants_pocket_lg_room\\T04
2020-12-22 15:31:03,2020-12-22 15:50:46,1608669062.81,1608670245.87,19.72,9,Front Pants Pocket,Large Indoor,556868,556870,Front to Back,15,20201222_asdf_T04b,FALSE,20201222_asdf_pants_pocket_lg_room\\T04
2020-12-22 15:51:24,2020-12-22 16:11:10,1608670283.83,1608671470.05,19.77,9,Front Pants Pocket,Large Indoor,556868,556870,Back to Back,15,20201222_asdf_T04c,FALSE,20201222_asdf_pants_pocket_lg_room\\T04
2020-12-23 09:03:49,2020-12-23 09:23:07,1608732228.90,1608733386.95,19.3,0,Front Pants Pocket,Large Indoor,556868,556870,Front to Front,12,20201223_asdf_T01a,FALSE,20201223_asdf_makeup_various\\T01
2020-12-23 09:24:20,2020-12-23 09:44:00,1608733459.73,1608734639.93,19.67,0,Front Pants Pocket,Large Indoor,556868,556870,Front to Back,12,20201223_asdf_T01b,FALSE,20201223_asdf_makeup_various\\T01
2020-12-23 09:45:16,2020-12-23 10:04:15,1608734715.87,1608735854.94,18.98,0,Front Pants Pocket,Large Indoor,556868,556870,Back to Back,12,20201223_asdf_T01c,FALSE,20201223_asdf_makeup_various\\T01
2020-12-23 10:28:52,2020-12-23 10:48:48,1608737331.56,1608738528.15,19.94,0,Bag,Large Indoor,556868,556870,Front to Front,25,20201223_asdf_T02a,FALSE,20201223_asdf_makeup_various\\T02
2020-12-23 10:49:20,2020-12-23 11:09:10,1608738559.63,1608739749.92,19.84,0,Bag,Large Indoor,556868,556870,Front to Back,25,20201223_asdf_T02b,FALSE,20201223_asdf_makeup_various\\T02
2020-12-23 11:09:35,2020-12-23 11:29:32,1608739775.11,1608740971.69,19.94,0,Bag,Large Indoor,556868,556870,Back to Back,25,20201223_asdf_T02c,FALSE,20201223_asdf_makeup_various\\T02
